{
  "Component-dbg.js": 1750924388473,
  "model/models.js": 1750924388477,
  "controller/View1.controller.js": 1750924495866,
  "controller/App.controller.js": 1750924388557,
  "manifest.json": 1750924556619,
  "Component.js": 1750924388473,
  "controller/App-dbg.controller.js": 1750924388557,
  "controller/App.controller.js.map": 1752647887091,
  "controller/View1-dbg.controller.js": 1750924495866,
  "controller/View1.controller.js.map": 1752647887097,
  "model/models-dbg.js": 1750924388477,
  "model/models.js.map": 1752647887092,
  "i18n/i18n.properties": 1750924419601,
  "Component.js.map": 1752647887094,
  "Component-preload.js": 1752647887284,
  "Component-preload.js.map": 1752647887284,
  "view/View1.view.xml": 1750924454458,
  "view/App.view.xml": 1750924388561,
  "css/style.css": 1750924388561,
  "index.html": 1750924388473
}