{
  "controller/App-dbg.controller.js": 1749807384758,
  "manifest.json": 1749799381236,
  "controller/View1.controller.js": 1750935426200,
  "controller/App.controller.js": 1749807384758,
  "model/models.js": 1749720832766,
  "Component.js": 1749720832762,
  "i18n/i18n.properties": 1749720853798,
  "controller/App.controller.js.map": 1751441908464,
  "controller/View1-dbg.controller.js": 1750935426200,
  "controller/View1.controller.js.map": 1751441908478,
  "model/models-dbg.js": 1749720832766,
  "model/models.js.map": 1751441908467,
  "Component-dbg.js": 1749720832762,
  "Component.js.map": 1751441908465,
  "Component-preload.js": 1751441908550,
  "Component-preload.js.map": 1751441908550,
  "view/View1.view.xml": 1750934583809,
  "view/App.view.xml": 1749720832770,
  "css/style.css": 1749720832770,
  "index.html": 1749720832762
}