{
  "controller/View1.controller.js": 1750935426200,
  "manifest.json": 1749799381236,
  "i18n/i18n.properties": 1749720853798,
  "controller/App.controller.js": 1749807384758,
  "model/models.js": 1749720832766,
  "Component.js": 1749720832762,
  "Component-dbg.js": 1749720832762,
  "Component.js.map": 1752647884076,
  "controller/App-dbg.controller.js": 1749807384758,
  "controller/App.controller.js.map": 1752647884074,
  "model/models-dbg.js": 1749720832766,
  "model/models.js.map": 1752647884076,
  "controller/View1-dbg.controller.js": 1750935426200,
  "controller/View1.controller.js.map": 1752647884083,
  "Component-preload.js": 1752647884266,
  "Component-preload.js.map": 1752647884266,
  "view/View1.view.xml": 1750934583809,
  "view/App.view.xml": 1749720832770,
  "css/style.css": 1749720832770,
  "index.html": 1749720832762
}