{
  "controller/View1-dbg.controller.js": 1749799437796,
  "controller/View1.controller.js": 1749799437796,
  "model/models.js": 1749720832766,
  "controller/App.controller.js": 1749807384758,
  "manifest.json": 1749799381236,
  "Component.js": 1749720832762,
  "i18n/i18n.properties": 1749720853798,
  "controller/View1.controller.js.map": 1749810863145,
  "model/models-dbg.js": 1749720832766,
  "model/models.js.map": 1749810863153,
  "controller/App-dbg.controller.js": 1749807384758,
  "controller/App.controller.js.map": 1749810863150,
  "Component-dbg.js": 1749720832762,
  "Component.js.map": 1749810863145,
  "Component-preload.js": 1749810863241,
  "Component-preload.js.map": 1749810863241,
  "view/View1.view.xml": 1749795534477,
  "view/App.view.xml": 1749720832770,
  "css/style.css": 1749720832770,
  "index.html": 1749720832762
}